보행자우선도로명,시도명,시군구명,보행자우선도로시작점위도,보행자우선도로시작점경도,보행자우선도로종료점위도,보행자우선도로종료점경도,보행자우선도로지정일자,연장거리,도로폭,보행자우선도로지정목적,보호구역지정여부,자동차운행속도제한속도,일방통행적용여부,통행제한차량,노상주차허용여부,보행자통행유발시설현황,보행자교통사고발생건수,보행자사망사고건수,속도저감시설,교통안내시설,보행안전시설,보행약자지원시설,보행자편익시설,관리기관명,관리기관전화번호,데이터기준일자,제공기관코드,제공기관명
서정리역 일원 보행자우선도로,경기도,평택시,37.056577,127.053921,37.056160,127.058317,2022-08-04,970,6,보행자 편의 증진,N,20,N,제한없음,N,서정리역+서정리시장,,,,,,,,경기도 평택시청,031-8024-4892,2026-03-10,3910000,경기도 평택시
동부시장길,전북특별자치도,남원시,35.413001,127.386663,35.410081,127.388954,2023-01-13,390,6,전통문화 환경보전 및 안전 확보,N,30,N,제한없음,N,대중교통시설,,,제한속도(30)표지판,,보행자우선도로 표지판,,,전북특별자치도 남원시청,063-620-6542,2026-01-30,4701000,전북특별자치도 남원시
옥샘길,전북특별자치도,남원시,35.411409,127.386145,35.412378,127.388357,2023-01-13,240,6,전통문화 환경보전 및 안전 확보,N,30,Y,제한없음,N,보행유발시설,,,제한속도(30)표지판,,보행자우선도로 표지판,,,전북특별자치도 남원시청,063-620-6542,2026-01-30,4701000,전북특별자치도 남원시
시청동로,전북특별자치도,남원시,35.414647,127.391010,35.415638,127.392766,2023-01-13,202,5,전통문화 환경보전 및 안전 확보,N,30,N,제한없음,N,보행유발시설,,,제한속도(30)표지판,,보행자우선도로 표지판,,,전북특별자치도 남원시청,063-620-6542,2026-01-30,4701000,전북특별자치도 남원시
마방길,전북특별자치도,남원시,35.410502,127.382819,35.411371,127.389146,2023-01-13,622,6,전통문화 환경보전 및 안전 확보,Y,30,Y,제한없음,N,대중교통시설,,,제한속도(30)표지판,,보행자우선도로 표지판,,,전북특별자치도 남원시청,063-620-6542,2026-01-30,4701000,전북특별자치도 남원시
시청남로,전북특별자치도,남원시,35.417603,127.392906,35.415213,127.392956,2023-01-13,291,5.8,전통문화 환경보전 및 안전 확보,Y,30,N,제한없음,N,보행유발시설,,,제한속도(30)표지판,,보행자우선도로 표지판,,,전북특별자치도 남원시청,063-620-6542,2026-01-30,4701000,전북특별자치도 남원시
하정2길,전북특별자치도,남원시,35.406474,127.381501,35.409084,127.381871,2023-01-13,315,6,전통문화 환경보전 및 안전 확보,Y,30,Y,제한없음,N,문화관광시설,,,제한속도(30)표지판,,보행자우선도로 표지판,,,전북특별자치도 남원시청,063-620-6542,2026-01-30,4701000,전북특별자치도 남원시
요천로,전북특별자치도,남원시,35.40305279,127.3808626,35.40314529,127.3819945,2023-01-13,90,7.5,전통문화 환경보전 및 안전 확보,Y,30,N,제한없음,N,문화관광시설,,,,,,,,전북특별자치도 남원시청,063-620-6542,2026-01-30,4701000,전북특별자치도 남원시
관서당길,전북특별자치도,남원시,35.40429278,127.3808803,35.40431838,127.382399,2023-01-13,140,5.1,전통문화 환경보전 및 안전 확보,Y,30,N,제한없음,N,문화관광시설,,,,,,,,전북특별자치도 남원시청,063-620-6542,2026-01-30,4701000,전북특별자치도 남원시
고샘길,전북특별자치도,남원시,35.40498916,127.3807453,35.40485879,127.3849055,2023-01-13,370,6,전통문화 환경보전 및 안전 확보,Y,30,Y,제한없음,N,문화관광시설,,,,,,,,전북특별자치도 남원시청,063-620-6542,2026-01-30,4701000,전북특별자치도 남원시
월매길,전북특별자치도,남원시,35.4049457,127.3808167,35.4026071,127.380855,2023-01-13,260,5.9,전통문화 환경보전 및 안전 확보,Y,30,N,제한없음,N,문화관광시설,,,,,,,,전북특별자치도 남원시청,063-620-6542,2026-01-30,4701000,전북특별자치도 남원시
정문길,전북특별자치도,남원시,35.40628851,127.380716,35.40501589,127.3807049,2023-01-13,150,5.7,전통문화 환경보전 및 안전 확보,Y,30,N,제한없음,N,문화관광시설,,,,,,,,전북특별자치도 남원시청,063-620-6542,2026-01-30,4701000,전북특별자치도 남원시
의병대로 13길+풍양로 9길+독순로11길,충청북도,제천시,37.136906,128.208017,37.141451,128.210385,,532,12,보행자 안전 확보,N,30,N,해당없음,N,밀집상가,,,,,,,,충청북도 제천시청,043-641-6150,2025-12-24,4400000,충청북도 제천시
쌍미천로151번길 22~쌍미천로 151,부산광역시,연제구,35.18615078,129.0859882,35.18612172,129.087151,2022-07-13,112,6,교통사고 예방 및 보행자 안전 확보,N,30,N,해당사항 없음,N,편의시설 등,0,0,,표지판+노면표시(보행자 우선도로 시작/해제),표지판(보행자 우선도로 시작/해제 표지판),,,부산광역시 연제구청,051-665-4552,2026-01-13,3370000,부산광역시 연제구
쌍미천로151번길 50~쌍미천로 151번길 28,부산광역시,연제구,35.18619522,129.0843236,35.18616089,129.0857936,2022-07-13,140,6,교통사고 예방 및 보행자 안전 확보,N,30,N,해당사항 없음,N,편의시설 등,0,0,,표지판+노면표시(보행자 우선도로 시작/해제),표지판(보행자 우선도로 시작/해제 표지판),,,부산광역시 연제구청,051-665-4552,2026-01-13,3370000,부산광역시 연제구
쌍미천로155번길 21~쌍미천로 155,부산광역시,연제구,35.18661706,129.0859919,35.18659031,129.087152,2022-07-13,112,6,교통사고 예방 및 보행자 안전 확보,N,30,N,해당사항 없음,N,편의시설 등,0,0,,표지판+노면표시(보행자 우선도로 시작/해제),표지판(보행자 우선도로 시작/해제 표지판),,,부산광역시 연제구청,051-665-4552,2026-01-13,3370000,부산광역시 연제구
고분로13번길 20~쌍미천로155번길 27,부산광역시,연제구,35.18665024,129.0847194,35.18662224,129.0858219,2022-07-13,105,6,교통사고 예방 및 보행자 안전 확보,N,30,N,해당사항 없음,N,편의시설 등,0,0,,표지판+노면표시(보행자 우선도로 시작/해제),표지판(보행자 우선도로 시작/해제 표지판),,,부산광역시 연제구청,051-665-4552,2026-01-13,3370000,부산광역시 연제구
고분로31번길 32~쌍미천로161번길 4,부산광역시,연제구,35.18708531,129.0860121,35.18705823,129.0871914,2022-07-13,112,6,교통사고 예방 및 보행자 안전 확보,N,30,N,해당사항 없음,N,편의시설 등,0,0,,표지판+노면표시(보행자 우선도로 시작/해제),표지판(보행자 우선도로 시작/해제 표지판),,,부산광역시 연제구청,051-665-4552,2026-01-13,3370000,부산광역시 연제구
고분로13번길 38~쌍미천로161번길 30,부산광역시,연제구,35.18711347,129.0851621,35.18709758,129.085823,2022-07-13,68,6,교통사고 예방 및 보행자 안전 확보,N,30,N,해당사항 없음,N,편의시설 등,1,0,고원식횡단보도,표지판+노면표시(보행자 우선도로 시작/해제),표지판(보행자 우선도로 시작/해제 표지판),,,부산광역시 연제구청,051-665-4552,2026-01-13,3370000,부산광역시 연제구
반송로 50~반송로 50-22,부산광역시,연제구,35.18903166,129.0856282,35.18841074,129.0863615,2022-07-13,98,8,교통사고 예방 및 보행자 안전 확보,N,30,N,해당사항 없음,N,편의시설 등,0,0,고원식횡단보도,표지판+노면표시(보행자 우선도로 시작/해제),표지판(보행자 우선도로 시작/해제 표지판),,,부산광역시 연제구청,051-665-4552,2026-01-13,3370000,부산광역시 연제구
반송로 30~고분로13번길 25,부산광역시,연제구,35.18788749,129.084172,35.18715698,129.0849903,2022-07-13,111,8,교통사고 예방 및 보행자 안전 확보,N,30,N,해당사항 없음,N,편의시설 등,0,0,고원식횡단보도,표지판+노면표시(보행자 우선도로 시작/해제),표지판(보행자 우선도로 시작/해제 표지판),,,부산광역시 연제구청,051-665-4552,2026-01-13,3370000,부산광역시 연제구
고분로13번길 5-20~반송로 18,부산광역시,연제구,35.18698352,129.0830265,35.1865734,129.0830325,2022-07-13,47,4,교통사고 예방 및 보행자 안전 확보,N,30,N,해당사항 없음,N,편의시설 등,0,0,,표지판+노면표시(보행자 우선도로 시작/해제),표지판(보행자 우선도로 시작/해제 표지판),,,부산광역시 연제구청,051-665-4552,2026-01-13,3370000,부산광역시 연제구
고분로 7-2~고분로13번길 3,부산광역시,연제구,35.1864751,129.0831151,35.18608341,129.0840134,2022-07-13,101,4.5,교통사고 예방 및 보행자 안전 확보,N,30,N,해당사항 없음,N,편의시설 등,0,0,,표지판+노면표시(보행자 우선도로 시작/해제),표지판(보행자 우선도로 시작/해제 표지판),,,부산광역시 연제구청,051-665-4552,2026-01-13,3370000,부산광역시 연제구
반송로 12~고분로 5,부산광역시,연제구,35.18677436,129.082744,35.18596228,129.0830663,2022-07-13,102,6,교통사고 예방 및 보행자 안전 확보,N,30,N,해당사항 없음,N,편의시설 등,1,0,고원식횡단보도,표지판+노면표시(보행자 우선도로 시작/해제),표지판(보행자 우선도로 시작/해제 표지판),,,부산광역시 연제구청,051-665-4552,2026-01-13,3370000,부산광역시 연제구
고분로 15~고분로 19,부산광역시,연제구,35.18602029,129.0841462,35.18582592,129.0845748,2022-07-13,46,5,교통사고 예방 및 보행자 안전 확보,N,30,N,해당사항 없음,N,편의시설 등,0,0,,표지판+노면표시(보행자 우선도로 시작/해제),표지판(보행자 우선도로 시작/해제 표지판),,,부산광역시 연제구청,051-665-4552,2026-01-13,3370000,부산광역시 연제구
해운대로608번길 보행자우선도로,부산광역시,해운대구,35.160799,129.159432,35.161435,129.160618,2022-07-13,123,8,안전한 보행환경 조성,N,30,N,없음,N,숙박시설+식당,,0,,,,,,부산광역시 해운대구청,051-749-4514,2026-03-05,3330000,부산광역시 해운대구
해운대로608번길 보행자우선도로,부산광역시,해운대구,35.161279,129.159032,35.161966,129.160194,2022-07-13,123,7.5,안전한 보행환경 조성,N,30,N,없음,N,숙박시설+식당,,0,,,,,,부산광역시 해운대구청,051-749-4514,2026-03-05,3330000,부산광역시 해운대구
해운대로608번길 보행자우선도로,부산광역시,해운대구,35.161664,129.158715,35.162298,129.159857,2022-07-13,123,5.5,안전한 보행환경 조성,N,30,N,없음,N,숙박시설+식당,,2,,,,,,부산광역시 해운대구청,051-749-4514,2026-03-05,3330000,부산광역시 해운대구
해운대로608번길 보행자우선도로,부산광역시,해운대구,35.162063,129.158382,35.162703,129.159547,2022-07-13,123,4.5,안전한 보행환경 조성,N,30,N,없음,N,숙박시설+식당,,2,,,,,,부산광역시 해운대구청,051-749-4514,2026-03-05,3330000,부산광역시 해운대구
해운대로608번길 보행자우선도로,부산광역시,해운대구,35.162417,129.158045,35.160089,129.159222,2022-07-13,300,8.5,안전한 보행환경 조성,N,30,N,없음,N,숙박시설+식당,,13,,,,,,부산광역시 해운대구청,051-749-4514,2026-03-05,3330000,부산광역시 해운대구
해리단길 보행자우선도로,부산광역시,해운대구,35.1650658,129.157952,35.1646753,129.158117,2022-07-12,56,15,보행자 안전 확보,N,30,N,없음,N,식당,,0,,,,,,부산광역시 해운대구청,051-749-4514,2026-03-05,3330000,부산광역시 해운대구
해리단길 보행자우선도로,부산광역시,해운대구,35.1646873,129.157953,35.165505,129.159094,2022-07-12,170,3.8,보행자 안전 확보,N,30,N,없음,N,식당,,0,,,,,,부산광역시 해운대구청,051-749-4514,2026-03-05,3330000,부산광역시 해운대구
해리단길 보행자우선도로,부산광역시,해운대구,35.1649062,129.157805,35.164486,129.158123,2022-07-12,70,9.5,보행자 안전 확보,N,30,N,없음,N,식당,,0,,,,,,부산광역시 해운대구청,051-749-4514,2026-03-05,3330000,부산광역시 해운대구
해리단길 보행자우선도로,부산광역시,해운대구,35.1637879,129.156843,35.1651945,129.159327,2022-07-12,297,9.6,보행자 안전 확보,N,30,N,없음,N,식당,,0,,,,,,부산광역시 해운대구청,051-749-4514,2026-03-05,3330000,부산광역시 해운대구
전리단길 보행자 우선도로(2구간),부산광역시,부산진구,35.160514,129.064803,35.157882,129.064811,2022-07-13,308,8,"해당 도로는 다른 도로에 비해 차량 통행량도 많은 편으로, 보행자가 교통사고의 위험에 자주 노출되어 보행자우선도로 지정을 통한 안전한 보행환경 조성이 필요함",N,30,Y,해당없음,N,부산진소방서,,,,보행자 우선도로 알림 표지판 등,,,,부산광역시 부산진구청,051-605-4554,2026-03-06,3290000,부산광역시 부산진구
전리단길 보행자 우선도로(1구간),부산광역시,부산진구,35.159347,129.063851,35.1579108,129.063551,2022-07-13,165,8,"해당 도로는 다른 도로에 비해 차량 통행량도 많은 편으로, 보행자가 교통사고의 위험에 자주 노출되어 보행자우선도로 지정을 통한 안전한 보행환경 조성이 필요함",N,30,Y,해당없음,N,전포초등학교,,,,보행자 우선도로 알림 표지판 등,,,,부산광역시 부산진구청,051-605-4554,2026-03-06,3290000,부산광역시 부산진구
전포카페거리 보행자 우선도로(2구간),부산광역시,부산진구,35.155329,129.063004,35.154566,129.063027,2022-07-13,87,8,"해당 도로는 다른 도로에 비해 차량 통행량도 많은 편으로, 보행자가 교통사고의 위험에 자주 노출되어 보행자우선도로 지정을 통한 안전한 보행환경 조성이 필요함",N,30,N,해당없음,N,전포성당,,,,보행자 우선도로 알림 표지판 등,,,,부산광역시 부산진구청,051-605-4554,2026-03-06,3290000,부산광역시 부산진구
전포카페거리 보행자 우선도로(1구간),부산광역시,부산진구,35.156446,129.064046,35.1547507,129.064146,2022-07-13,211,8,"해당 도로는 다른 도로에 비해 차량 통행량도 많은 편으로, 보행자가 교통사고의 위험에 자주 노출되어 보행자우선도로 지정을 통한 안전한 보행환경 조성이 필요함",N,30,Y,해당없음,N,놀이마루,,,과속방지턱 1개소,보행자 우선도로 알림 표지판 등,,,,부산광역시 부산진구청,051-605-4554,2026-03-06,3290000,부산광역시 부산진구
정공단로(3구간),부산광역시,동구,35.135089,129.054146,35.134833,129.054538,2022-07-15,60,6,보행자 보호,N,30,N,제한없음,N,병원+학교+유치원,,,,,,,,부산광역시 동구청,051-440-4555,2026-03-20,3270000,부산광역시 동구
정공단로(2구간),부산광역시,동구,35.135937,129.055035,35.135843,129.055506,2022-07-14,60,6,보행자 보호,N,30,N,제한없음,N,병원+학교+유치원,,,,,,,,부산광역시 동구청,051-440-4555,2026-03-20,3270000,부산광역시 동구
정공단로(1구간),부산광역시,동구,35.133398,129.052632,35.136522,129.056239,2022-07-13,540,6,보행자 보호,Y,30,Y,제한없음,N,병원+학교+유치원,,,,,,,,부산광역시 동구청,051-440-4555,2026-03-20,3270000,부산광역시 동구
동작 사당로47길,서울특별시,동작구,37.487603,126.966697,37.486596,126.965541,2018-09-01,150,5,주거지역 안전확보,N,30,N,대형차,Y,학교,0,0,과속방지턱,보행자안내표지,과속방지턱,,,서울특별시 동작구청,02-820-4026,2026-02-26,3190000,서울특별시 동작구
동작 국사봉2길,서울특별시,동작구,37.498489,126.928873,37.496259,126.928467,2016-10-01,255,6,주거지역 안전확보,N,30,Y,대형차,Y,학교,0,0,과속방지턱,보행자안내표지,과속방지턱,,,서울특별시 동작구청,02-820-4026,2026-02-26,3190000,서울특별시 동작구
강서로48길,서울특별시,강서구,37.552882,126.837342,37.552595,126.839803,2025-07-17,230,7.5,안전 확보,N,30,N,없음,Y,주택가,,,스텐실포장,,,,,서울특별시 강서구청,02-2600-4136,2026-01-13,3150000,서울특별시 강서구
곰달래로49길,서울특별시,강서구,37.531889,126.858061,37.534660,126.856315,2025-02-20,360,8.5,안전 확보,N,30,N,없음,Y,상가,,,스텐실포장,,,,,서울특별시 강서구청,02-2600-4136,2026-01-13,3150000,서울특별시 강서구
양천로60길,서울특별시,강서구,37.5557845,126.857732,37.5561988,126.857618,2025-04-25,80,8.5,안전 확보,N,30,N,없음,Y,상가,,,스텐실포장,,,,,서울특별시 강서구청,02-2600-4136,2026-01-13,3150000,서울특별시 강서구
화곡로64길,서울특별시,강서구,37.557239,126.853553,37.5567542,126.854969,2024-04-25,180,7.5,안전 확보,N,30,N,없음,Y,상가,,,스텐실포장,,,,,서울특별시 강서구청,02-2600-4136,2026-01-13,3150000,서울특별시 강서구
등촌로53길,서울특별시,강서구,37.54918244,126.8633151,37.54979892,126.8613161,2023-08-10,220,8,안전 확보,N,30,N,없음,Y,주택가,,,스텐실포장,,,,,서울특별시 강서구청,02-2600-4136,2026-01-13,3150000,서울특별시 강서구
양천로,서울특별시,강서구,37.55046161,126.8730195,37.55079381,126.8734368,2023-07-06,70,6,안전 확보,N,30,N,없음,N,상가,,,스텐실포장,,,,,서울특별시 강서구청,02-2600-4136,2026-01-13,3150000,서울특별시 강서구
양천로75길,서울특별시,강서구,37.54988498,126.8749712,37.55012035,126.8750784,2023-07-06,50,6,안전 확보,N,30,N,없음,N,상가,,,스텐실포장,,,,,서울특별시 강서구청,02-2600-4136,2026-01-13,3150000,서울특별시 강서구
화곡로61길,서울특별시,강서구,37.55863787,126.8451483,37.55820498,126.8469708,2022-12-01,150,8,안전 확보,N,30,N,없음,Y,상가,,,스텐실포장,,,,,서울특별시 강서구청,02-2600-4136,2026-01-13,3150000,서울특별시 강서구
초록마을로,서울특별시,강서구,37.5423444,126.8491093,37.54191099,126.8501474,2018-12-01,120,8,안전 확보,N,30,N,없음,Y,주택가,,,스텐실포장,,,,,서울특별시 강서구청,02-2600-4136,2026-01-13,3150000,서울특별시 강서구
공항대로38길,서울특별시,강서구,37.557431,126.838811,37.557311,126.843531,2020-12-04,430,7,안전 확보,N,30,N,없음,Y,주택가,,,스텐실포장,,,,,서울특별시 강서구청,02-2600-4136,2026-01-13,3150000,서울특별시 강서구
강서로52길,서울특별시,강서구,37.55803043,126.8384314,37.55749617,126.8431978,2020-12-03,450,8,안전 확보,N,30,N,없음,Y,상가,,,스텐실포장,,,,,서울특별시 강서구청,02-2600-4136,2026-01-13,3150000,서울특별시 강서구
강서로54길,서울특별시,강서구,37.55903308,126.8387803,37.55847143,126.8445764,2020-12-02,550,8,안전 확보,N,30,N,없음,Y,상가,,,스텐실포장,,,,,서울특별시 강서구청,02-2600-4136,2026-01-13,3150000,서울특별시 강서구
강서로45가길,서울특별시,강서구,37.54785055,126.8353886,37.54713791,126.8353642,2019-12-01,150,8,안전 확보,N,30,N,없음,Y,전통시장,,,스텐실포장,,,,,서울특별시 강서구청,02-2600-4136,2026-01-13,3150000,서울특별시 강서구
까치산로24길,서울특별시,강서구,37.54974507,126.8517087,37.54854903,126.8534657,2019-12-01,220,7,안전 확보,N,30,N,없음,Y,학교+공원,,,스텐실포장,,,,,서울특별시 강서구청,02-2600-4136,2026-01-13,3150000,서울특별시 강서구
등촌로13길,서울특별시,강서구,37.53560779,126.8610583,37.53592327,126.8631757,2018-12-01,180,7,안전 확보,N,20,N,없음,Y,학교,,,스텐실포장,,,,,서울특별시 강서구청,02-2600-4136,2026-01-13,3150000,서울특별시 강서구
까치산로4길,서울특별시,강서구,37.54221143,126.843786,37.54197026,126.844212,2015-12-01,140,10,안전 확보,N,30,N,없음,Y,근린공원,,,스텐실포장,,,,,서울특별시 강서구청,02-2600-4136,2026-01-13,3150000,서울특별시 강서구
중랑구 봉우재로14길,서울특별시,중랑구,37.590478,127.077739,37.589019,127.078187,2024-11-07,165,10,보행자 중심의 쾌적한 도로환경 조성,N,30,N,없음,N,골목형상가,,,,,,,,서울특별시 중랑구청,02-2094-2585,2026-02-11,3060000,서울특별시 중랑구
중랑구 동일로139길,서울특별시,중랑구,37.603557,127.079017,37.603364,127.077427,2024-10-24,120,10,보행자 중심의 쾌적한 도로환경 조성,N,30,N,없음,N,역세권,,,,,,,,서울특별시 중랑구청,02-2094-2585,2026-02-11,3060000,서울특별시 중랑구
중랑구 동일로163길,서울특별시,중랑구,37.611896,127.075712,37.611703,127.074153,2024-04-18,130,7.5,보행자 중심의 쾌적한 도로환경 조성,N,30,Y,없음,N,골목형상가,,,,,,,,서울특별시 중랑구청,02-2094-2585,2026-02-11,3060000,서울특별시 중랑구
중랑구 망우로55길,서울특별시,중랑구,37.598835,127.092913,37.599282,127.094873,2022-12-15,190,7.5,보행자 중심의 쾌적한 도로환경 조성,N,30,Y,없음,N,역세권,,,,,,,,서울특별시 중랑구청,02-2094-2585,2026-02-11,3060000,서울특별시 중랑구
중랑구 상봉중앙로8나길,서울특별시,중랑구,37.601565,127.090959,37.601054,127.091063,2022-12-15,55,6,보행자 중심의 쾌적한 도로환경 조성,N,30,N,없음,N,역세권,,,,,,,,서울특별시 중랑구청,02-2094-2585,2026-02-11,3060000,서울특별시 중랑구
중랑구 면목로48길,서울특별시,중랑구,37.582258,127.088629,37.581847,127.093369,2022-12-15,410,8,보행자 중심의 쾌적한 도로환경 조성,N,30,N,없음,N,역세권+편의시설,,,,,,,,서울특별시 중랑구청,02-2094-2585,2026-02-11,3060000,서울특별시 중랑구
사하로197번길,부산광역시,사하구,35.09885074,128.99175585,35.09933275,128.99327663,2022-07-13,168,8,안전한 보행환경 조성,N,30,N,없음,N,상가밀집구역,,,과속방지턱,보행자우선도로표지판,,,,부산광역시 사하구청,051-220-4552,2026-01-13,3340000,부산광역시 사하구
낙동대로249번길,부산광역시,사하구,35.09908186,128.98995867,35.09771327,128.99070798,2022-07-13,192,8,안전한 보행환경 조성,N,30,N,없음,N,상가밀집구역,,,과속방지턱,보행자우선도로표지판,,,,부산광역시 사하구청,051-220-4552,2026-01-13,3340000,부산광역시 사하구
성수이로12길,서울특별시,성동구,37.5398939,127.055558,37.5392534,127.057267,,220,8,보행 안전 확보,Y,30,N,없음,Y,대형마트+학교,,,과속방지턱+디자인포장,표지판,,,,서울특별시 성동구청,02-2286-6320,2025-12-23,3030000,서울특별시 성동구
성덕정17길,서울특별시,성동구,37.5373621,127.055421,37.538683,127.055196,,150,6,보행 안전 확보,Y,30,N,없음,Y,대형마트+공동주택,,,과속방지턱+디자인포장+지그재그차선,표지판,,,,서울특별시 성동구청,02-2286-6320,2025-12-23,3030000,서울특별시 성동구
성수일로12길,서울특별시,성동구,37.5471743,127.054681,37.5482472,127.052973,,150,10,보행 안전 확보,Y,30,N,없음,Y,상가+공동주택+지하철역,,,과속방지턱+미끄럼방지포장,표지판,,,,서울특별시 성동구청,02-2286-6320,2025-12-23,3030000,서울특별시 성동구
한강대로87길,서울특별시,용산구,37.544409,126.971909,37.544261,126.970816,2018-11-15,100,8,다수 상가밀집지역의 보행통행안전확보,N,30,Y,제한없음,N,상업시설,,,노면스템프,,CCTV+볼라드+지중등,,,서울특별시 용산구청,02-2199-7755,2026-01-31,3020000,서울특별시 용산구
녹사평대로40길,서울특별시,용산구,37.535994,126.987335,37.5351798,126.988202,2016-10-01,350,5,어린이보호구역 및 다수 상업시설 방문 보행통행안전확보,Y,30,Y,제한없음,N,상업시설+초등학교,,,과속방지턱+노면 스템프,,CCTV+방호울타리,,,서울특별시 용산구청,02-2199-7755,2026-01-31,3020000,서울특별시 용산구
녹사평대로46길,서울특별시,용산구,37.537505,126.9879518,37.538818,126.988763,2015-12-30,380,4,다수 상가밀집지역의 보행통행안전확보,N,30,Y,제한없음,N,상업시설,,,과속방지턱+노면 스템프,,CCTV,,,서울특별시 용산구청,02-2199-7755,2026-01-31,3020000,서울특별시 용산구
인제로200번길 일원 보행자우선도로,경상남도,김해시,35.2465699,128.9042813,35.248034,128.904818,2025-09-10,200,8,보행자 안전확보,N,20,N,지정사항 없음,N,상가+편의시설,,,,,,,,경상남도 김해시청,055-330-3854,2025-12-09,5350000,경상남도 김해시
김해대로2385번길 보행자우선도로,경상남도,김해시,35.228359,128.887526,35.229731,128.887311,2024-04-02,150,6,보행자 안전확보,N,30,N,지정사항 없음,N,상가+편의시설,,,,,,,,경상남도 김해시청,055-330-3854,2025-12-09,5350000,경상남도 김해시
분성로336번길 보행자우선도로,경상남도,김해시,35.232371,128.882961,35.230051,128.883434,2023-07-10,400,6,보행자 안전확보,N,30,Y,지정사항 없음,N,상가+편의시설,,,,,,,,경상남도 김해시청,055-330-3854,2025-12-09,5350000,경상남도 김해시
김해시청 인근 보행자우선도로,경상남도,김해시,35.227924,128.889448,35.228359,128.887526,2023-07-10,300,6,보행자 안전확보,N,30,N,지정사항 없음,N,상가+편의시설,,,,,,,,경상남도 김해시청,055-330-3854,2025-12-09,5350000,경상남도 김해시
수리공원 주변 보행자우선도로,경상남도,김해시,35.262253,128.868297,35.262177,128.870518,2022-09-15,300,6,보행자 안전확보,N,30,Y,지정사항 없음,N,공원+편의시설,,,,,,,,경상남도 김해시청,055-330-3854,2025-12-09,5350000,경상남도 김해시
탄방로 7번길 보행자우선도로,대전광역시,서구,36.346176,127.391712,36.346813,127.395842,2023-10-12,480,7,보행자의 안전을 위한 사람중심의 교통체계 조성,N,20,N,없음,Y,탄방로 7번길 상점가,0,0,과속방지턱,표지판,,,,대전광역시 서구청,042-288-3924,2026-01-08,3660000,대전광역시 서구
둔산동 보행자우선도로(둔산동 1054~1049),대전광역시,서구,36.351937,127.376558,36.350031,127.375287,2023-02-06,175,10,보행자의 안전을 위한 사람중심의 교통체계 조성,N,20,N,없음,N,갤러리아백화점,0,0,고원식횡단보도(교차로),표지판,,,,대전광역시 서구청,042-288-3924,2026-01-08,3660000,대전광역시 서구
둔산동 보행자우선도로(둔산동 1057~1062),대전광역시,서구,36.351937,127.376558,36.350031,127.375287,2023-02-06,175,10,보행자의 안전을 위한 사람중심의 교통체계 조성,N,20,N,없음,N,갤러리아백화점,0,0,고원식횡단보도(교차로),표지판,,,,대전광역시 서구청,042-288-3924,2026-01-08,3660000,대전광역시 서구
둔산동 보행자우선도로(둔산동 1056~1063),대전광역시,서구,36.351937,127.376558,36.350031,127.375287,2023-02-06,176,10,보행자의 안전을 위한 사람중심의 교통체계 조성,N,20,N,없음,N,갤러리아백화점,0,0,고원식횡단보도(교차로),표지판,,,,대전광역시 서구청,042-288-3924,2026-01-08,3660000,대전광역시 서구
둔산동 보행자우선도로(둔산동 1091~1088-1),대전광역시,서구,36.351937,127.376558,36.350031,127.375287,2023-02-06,145,10,보행자의 안전을 위한 사람중심의 교통체계 조성,N,20,N,없음,N,갤러리아백화점,0,0,고원식횡단보도(교차로),표지판,불법주정차 단속 CCTV(1개소),,,대전광역시 서구청,042-288-3924,2026-01-08,3660000,대전광역시 서구
둔산동 보행자우선도로(둔산동 1072~1533),대전광역시,서구,36.351937,127.376558,36.350031,127.375287,2023-02-06,260,10,보행자의 안전을 위한 사람중심의 교통체계 조성,N,20,N,없음,N,갤러리아백화점,0,0,고원식횡단보도(교차로),표지판,불법주정차 단속 CCTV(1개소),,,대전광역시 서구청,042-288-3924,2026-01-08,3660000,대전광역시 서구
둔산동 보행자우선도로(둔산동 1095~1047),대전광역시,서구,36.351937,127.376558,36.350031,127.375287,2023-02-06,360,10,보행자의 안전을 위한 사람중심의 교통체계 조성,N,20,N,없음,N,갤러리아백화점,0,0,고원식횡단보도(교차로),표지판,,,,대전광역시 서구청,042-288-3924,2026-01-08,3660000,대전광역시 서구
둔산동 보행자우선도로(둔산동 1122~1110),대전광역시,서구,36.351937,127.376558,36.350031,127.375287,2023-02-06,352,10,보행자의 안전을 위한 사람중심의 교통체계 조성,N,20,N,없음,N,갤러리아백화점,0,0,고원식횡단보도(교차로),표지판,불법주정차 단속 CCTV(1개소),,,대전광역시 서구청,042-288-3924,2026-01-08,3660000,대전광역시 서구
용문동 보행자우선도로(용문로),대전광역시,서구,36.340687,127.388181,35.338995,127.390203,2022-07-12,401,6,보행자의 안전을 위한 사람중심의 교통체계 조성,N,20,Y,없음,Y,롯데백화점+용문역,0,0,고원식교차로+고원식횡단보도+과속방지턱,,,,,대전광역시 서구청,042-288-3924,2026-01-08,3660000,대전광역시 서구
용문동 보행자우선도로(계룡로 620),대전광역시,서구,36.340687,127.388181,35.338995,127.390203,2022-07-12,206,6,보행자의 안전을 위한 사람중심의 교통체계 조성,N,20,Y,없음,Y,롯데백화점+용문역,0,0,고원식교차로+고원식횡단보도+과속방지턱,,,,,대전광역시 서구청,042-288-3924,2026-01-08,3660000,대전광역시 서구
용문동 보행자우선도로(도솔로 388),대전광역시,서구,36.340687,127.388181,35.338995,127.390203,2022-07-12,262,6,보행자의 안전을 위한 사람중심의 교통체계 조성,N,20,Y,없음,Y,롯데백화점+용문역,0,0,고원식교차로+과속방지턱,,,,,대전광역시 서구청,042-288-3924,2026-01-08,3660000,대전광역시 서구
용문동 보행자우선도로(도산로 369),대전광역시,서구,36.340687,127.388181,35.338995,127.390203,2022-07-12,327,6,보행자의 안전을 위한 사람중심의 교통체계 조성,N,20,Y,없음,Y,롯데백화점+용문역,0,0,고원식교차로+고원식횡단보도+과속방지턱,,,,,대전광역시 서구청,042-288-3924,2026-01-08,3660000,대전광역시 서구
월평동 보행자우선도로(월평중로 14번길),대전광역시,서구,36.355689,127.361064,36.355667,127.367603,2022-07-12,298,8,보행자의 안전을 위한 사람중심의 교통체계 조성,N,20,N,없음,N,이마트트레이더스+월평중학교,0,0,고원식교차로+고원식횡단보도+과속방지턱,표지판,,,,대전광역시 서구청,042-288-3924,2026-01-08,3660000,대전광역시 서구
월평동 보행자우선도로(월평중로 13번길),대전광역시,서구,36.355689,127.361064,36.355667,127.367603,2022-07-12,265,8,보행자의 안전을 위한 사람중심의 교통체계 조성,N,20,N,없음,N,이마트트레이더스+월평중학교,0,0,고원식교차로+고원식횡단보도+과속방지턱,표지판,,,,대전광역시 서구청,042-288-3924,2026-01-08,3660000,대전광역시 서구
도마로 보행자우선도로,대전광역시,서구,36.322502,127.370267,36.322417,127.373667,2022-07-12,297,7,보행자의 안전을 위한 사람중심의 교통체계 조성,N,20,N,없음,N,배제대학교,0,0,고원식교차로+과속방지턱,표지판,주차단속 CCTV,,,대전광역시 서구청,042-288-3924,2026-01-08,3660000,대전광역시 서구
디지털로32길,서울특별시,구로구,37.482955,126.900477,37.484287,126.901566,2025-01-16,170,7,주거지역 환경 보전 및 안전,N,30,N,없음,N,주택가,,,,,,,,서울특별시 구로구청,02-860-2453,2026-01-12,3160000,서울특별시 구로구
디지털로32나길,서울특별시,구로구,37.483215,126.899812,37.484811,126.901127,2025-01-16,448,3.5,주거지역 환경 보전 및 안전,N,30,N,없음,N,주택가,,,,,,,,서울특별시 구로구청,02-860-2453,2026-01-12,3160000,서울특별시 구로구
구로중앙로7길,서울특별시,구로구,37.490790,126.890589,37.491543,126.891822,2025-01-16,130,8,주거지역 환경 보전 및 안전,N,30,N,없음,N,주택가,,,,,,,,서울특별시 구로구청,02-860-2453,2026-01-12,3160000,서울특별시 구로구
구로중앙로8길,서울특별시,구로구,37.491598,126.891945,37.493287,126.894584,2025-01-16,214,8.6,주거지역 환경 보전 및 안전,N,30,N,없음,N,주택가,,,,,,,,서울특별시 구로구청,02-860-2453,2026-01-12,3160000,서울특별시 구로구
오리로22나길,서울특별시,구로구,37.500004,126.831553,37.499893,126.829463,2022-12-15,300,8,주거지역 환경 보전 및 안전,N,30,N,없음,N,주택가,,,,,,,,서울특별시 구로구청,02-860-2453,2026-01-12,3160000,서울특별시 구로구
고척로45길,서울특별시,구로구,37.504131,126.852901,37.507260,126.854200,2022-12-15,400,6115,주거지역 환경 보전 및 안전,N,20,N,없음,N,주택가,,,,,,,,서울특별시 구로구청,02-860-2453,2026-01-12,3160000,서울특별시 구로구
경인로35길,서울특별시,구로구,37.503217,126.851315,37.497487,126.855335,2022-12-15,330,7,주거지역 환경 보전 및 안전,N,30,N,없음,N,주택가,,,,,,,,서울특별시 구로구청,02-860-2453,2026-01-12,3160000,서울특별시 구로구
디지털로32가길(문성골),서울특별시,구로구,37.478817,126.896357,37.478853,126.896188,2022-12-15,330,5,주거지역 환경 보전 및 안전,N,30,N,없음,N,주택가,,,,,,,,서울특별시 구로구청,02-860-2453,2026-01-12,3160000,서울특별시 구로구
오류동 텃골(경인로15길),서울특별시,구로구,37.496149,126.838081,37.494629,126.840097,2022-12-15,220,8,주거지역 환경 보전 및 안전,N,30,N,없음,N,주택가,,,,,,,,서울특별시 구로구청,02-860-2453,2026-01-12,3160000,서울특별시 구로구
고척로27바길,서울특별시,구로구,37.506691,126.845401,37.507010,126.846400,2022-12-15,90,810,주거지역 환경 보전 및 안전,N,30,N,없음,N,주택가,,,,,,,,서울특별시 구로구청,02-860-2453,2026-01-12,3160000,서울특별시 구로구
구로디지털단지역 일원(시흥대로163길),서울특별시,구로구,37.485835,126.901896,37.488160,126.903052,2022-12-15,500,5,주거지역 환경 보전 및 안전,N,30,Y,없음,N,음식점,,,,,,,,서울특별시 구로구청,02-860-2453,2026-01-12,3160000,서울특별시 구로구
남부순환로224길,서울특별시,관악구,37.480798,126.953374,37.479248,126.953109,2018-10-01,50,6,보행자 안전사고 예방 및 이용편의 증진,N,0,N,없음,N,상가밀집,,,,안내표지,,,,서울특별시 관악구청,02-879-6863,2025-11-13,3200000,서울특별시 관악구
관악로16길,서울특별시,관악구,37.479646,126.955306,37.480421,126.952773,2018-10-01,245,6,보행자 안전사고 예방 및 이용편의 증진,N,0,Y,없음,N,상가밀집,,,,안내표지,,,,서울특별시 관악구청,02-879-6863,2025-11-13,3200000,서울특별시 관악구
남부순환로230길,서울특별시,관악구,37.480098,126.955429,37.478603,126.955574,2017-10-01,160,6,보행자 안전사고 예방 및 이용편의 증진,N,0,N,없음,N,상가밀집,,,,안내표지,,,,서울특별시 관악구청,02-879-6863,2025-11-13,3200000,서울특별시 관악구
관악로14길,서울특별시,관악구,37.479235,126.952485,37.476616,126.958952,2017-10-01,600,6,보행자 안전사고 예방 및 이용편의 증진,N,0,Y,없음,N,상가밀집,,,,안내표지,,,,서울특별시 관악구청,02-879-6863,2025-11-13,3200000,서울특별시 관악구
금강로62번길 보행자우선도로,강원특별자치도,춘천시,37.524611,127.434201,37.524301,127.433701,2024-11-14,160,4,보행환경개선,N,30,N,없음,N,다중이용시설,,,스탠실포장,보행자안내표지판,,벤치,벤치,강원특별자치도 춘천시청,033-250-4271,2025-11-02,4181000,강원특별자치도 춘천시
광진 군자로3길,서울특별시,광진구,37.544935,127.071174,37.544111,127.069763,2021-12-31,150,6,통학로 보행안전,Y,30,N,없음,N,학교,,,디자인 도막포장,,,,,서울특별시 광진구,02-450-7917,2025-06-24,3040000,서울특별시 광진구
광진 군자로,서울특별시,광진구,37.547907,127.070431,37.544947,127.071166,2021-12-31,300,6,상가밀집지역 보행안전,N,30,N,없음,N,지하철역+먹자골목,,,디자인 도막포장,,,,,서울특별시 광진구,02-450-7917,2025-06-24,3040000,서울특별시 광진구
광진 능동로17길,서울특별시,광진구,37.546711,127.071917,37.546831,127.070309,2021-12-31,150,6,상가밀집지역 보행안전,N,30,N,없음,Y,지하철역+먹자골목,,,디자인 도막포장,,,,,서울특별시 광진구,02-450-7917,2025-06-24,3040000,서울특별시 광진구
광진 능동로17길,서울특별시,광진구,37.545922,127.073351,37.547329,127.071204,2021-12-31,240,6,상가밀집지역 보행안전,N,30,N,없음,Y,지하철역+먹자골목,,,디자인 도막포장,,,,,서울특별시 광진구,02-450-7917,2025-06-24,3040000,서울특별시 광진구
광진 능동로19길,서울특별시,광진구,37.546884,127.073837,37.547462,127.070415,2021-12-31,300,6,상가밀집지역 보행안전,N,30,N,없음,N,지하철역+먹자골목,,,디자인 도막포장,,,,,서울특별시 광진구,02-450-7917,2025-06-24,3040000,서울특별시 광진구
광진 자양로15길,서울특별시,광진구,37.536151,127.083612,37.535028,127.079746,2021-07-31,350,6,상가밀집지역 보행안전,N,30,N,없음,N,지하철역+먹자골목,,,디자인 도막포장,,,,,서울특별시 광진구,02-450-7917,2025-06-24,3040000,서울특별시 광진구
광진 능동로36길,서울특별시,광진구,37.556439,127.079227,37.555609,127.081321,2019-12-31,200,8,상가밀집지역 보행안전,N,30,N,없음,N,지하철역+먹자골목,,,디자인 도막포장,,,,,서울특별시 광진구,02-450-7917,2025-06-24,3040000,서울특별시 광진구
광진 능동로35길,서울특별시,광진구,37.556817,127.078178,37.558613,127.073516,2018-10-16,460,8,상가밀집지역 보행안전,N,30,N,없음,N,지하철역+먹자골목,,,디자인 도막포장,,,,,서울특별시 광진구,02-450-7917,2025-06-24,3040000,서울특별시 광진구
광진 동일로52길,서울특별시,광진구,37.553569,127.073542,37.554862,127.071266,2017-11-04,180,8,통학로 보행안전,Y,30,N,없음,N,학교,,,디자인 도막포장,,,,,서울특별시 광진구,02-450-7917,2025-06-24,3040000,서울특별시 광진구
광진 아차산로55길,서울특별시,광진구,37.538051,127.086541,37.537364,127.086622,2017-09-24,80,8,상가밀집지역 보행안전,N,30,N,없음,N,지하철역+먹자골목,,,디자인 도막포장,,,,,서울특별시 광진구,02-450-7917,2025-06-24,3040000,서울특별시 광진구
광진 아차산로53길,서울특별시,광진구,37.537888,127.085841,37.537167,127.086098,2017-09-24,80,5,상가밀집지역 보행안전,N,30,N,없음,N,지하철역+먹자골목,,,디자인 도막포장,,,,,서울특별시 광진구,02-450-7917,2025-06-24,3040000,서울특별시 광진구
광진 아차산로51길,서울특별시,광진구,37.537726,127.085188,37.537024,127.085477,2017-09-24,80,5,상가밀집지역 보행안전,N,30,Y,없음,N,지하철역+먹자골목,,,디자인 도막포장,,,,,서울특별시 광진구,02-450-7917,2025-06-24,3040000,서울특별시 광진구
광진 아차산로49길,서울특별시,광진구,37.537544,127.084471,37.536823,127.084726,2016-11-30,80,5,상가밀집지역 보행안전,N,30,N,없음,N,지하철역+먹자골목,,,디자인 도막포장,,,,,서울특별시 광진구,02-450-7917,2025-06-24,3040000,서울특별시 광진구
동리로,전북특별자치도,고창군,35.43309771,126.695888,35.43302084,126.7012008,2014-09-22,3500,10,안전한보행환경조성,N,30,Y,대형화물차량,Y,보도+교통안전시설 등,0,0,노면시설,,,,,전북특별자치도 고창군,063-560-2562,2024-06-10,4781000,전북특별자치도 고창군
시흥대로50길,서울특별시,금천구,37.451231,126.902105,37.451692,126.904096,2020-11-01,180,8,이면도로 교통사고 예방및 보행환경 개선,N,30,N,없음,N,상가밀집지역,,,교차로 디자인,보행자 우선도로 표지판,,없음,없음,서울특별시 금천구청,02-2627-1722,2025-10-31,3170000,서울특별시 금천구
시흥대로52길,서울특별시,금천구,37.454705,126.901444,37.451398,126.902714,2019-11-01,380,8,이면도로 교통사고 예방및 보행환경 개선,N,30,Y,없음,N,상가밀집지역,,,교차로 디자인,보행자 우선도로 표지판,,없음,없음,서울특별시 금천구청,02-2627-1722,2025-10-31,3170000,서울특별시 금천구
시흥대로138길,서울특별시,금천구,37.472245,126.898563,37.472342,126.903074,2018-11-01,400,8,이면도로 교통사고 예방및 보행환경 개선,N,30,N,없음,N,상가밀집지역,,,과속방지턱,도막포장,,없음,없음,서울특별시 금천구청,02-2627-1722,2025-10-31,3170000,서울특별시 금천구
시흥대로123길,서울특별시,금천구,37.469888,126.894321,37.470677,126.896706,2017-11-01,130,6,이면도로 교통사고 예방및 보행환경 개선,N,30,Y,없음,N,주민센터+상가밀집지역,,,과속방지턱,도막포장,,없음,없음,서울특별시 금천구청,02-2627-1722,2025-10-31,3170000,서울특별시 금천구
시흥대로63길,서울특별시,금천구,37.454841,126.899613,37.455274,126.897177,2016-11-01,260,6,이면도로 교통사고 예방및 보행환경 개선,N,30,Y,없음,N,상가밀집지역,,,과속방지턱,보행자 우선도로 표지판,,없음,없음,서울특별시 금천구청,02-2627-1722,2025-10-31,3170000,서울특별시 금천구
시흥대로122길,서울특별시,금천구,37.46946784,126.8989899,37.46929981,126.9000612,2015-11-01,350,6,이면도로 교통사고 예방및 보행환경 개선,N,30,N,없음,N,상가밀집지역,,,과속방지턱,보행자 우선도로 표지판,,없음,없음,서울특별시 금천구청,02-2627-1722,2025-10-31,3170000,서울특별시 금천구
서산여고앞 통학로,충청남도,서산시,36.770654,126.467597,36.768423,126.465059,2020-11-02,230,7,"통학로 개선, 불법주정차 방지",N,30,N,해당없음,N,없음,,,고원식횡단보도+도로 스템프포장,발광형교통표지판,규제봉+볼라드,,,충청남도 서산시청,041-660-2346,2025-06-16,4530000,충청남도 서산시
남부순환로226길,서울특별시,관악구,37.480594,126.954189,37.480136,126.953924,2018-10-01,50,6,보행자 안전사고 예방 및 이용편의 증진,N,0,N,없음,N,상가밀집,,,,안내표지,,,,서울특별시 관악구청,02-879-6863,2025-11-13,3200000,서울특별시 관악구
명동길 보행자우선도로,강원특별자치도,춘천시,37.524811,127.434001,37.524201,127.433301,2024-11-14,320,8,보행환경개선,N,30,N,없음,N,다중이용시설,,,스탠실포장,보행자안내표지판,,벤치,벤치,강원특별자치도 춘천시청,033-250-4271,2025-11-02,4181000,강원특별자치도 춘천시
시청길12번길 보행자우선도로,강원특별자치도,춘천시,37.524811,127.434501,37.524401,127.434801,2024-11-14,220,6,보행환경개선,N,30,Y,없음,N,다중이용시설,,,스탠실포장,보행자안내표지판,,벤치,벤치,강원특별자치도 춘천시청,033-250-4271,2025-11-02,4181000,강원특별자치도 춘천시
시청길10번길 보행자우선도로,강원특별자치도,춘천시,37.524811,127.434201,37.524301,127.434601,2024-11-14,260,6,보행환경개선,N,30,Y,없음,N,다중이용시설,,,스탠실포장,보행자안내표지판,,벤치,벤치,강원특별자치도 춘천시청,033-250-4271,2025-11-02,4181000,강원특별자치도 춘천시
백령로138번길 보행자우선도로,강원특별자치도,춘천시,37.522311,127.444501,37.522101,127.444401,2023-03-16,90,6,보행환경개선,N,30,Y,없음,N,다중이용시설,,,스템프포장+과속방지턱,보행자안내표지판,,벤치,벤치,강원특별자치도 춘천시청,033-250-4271,2025-11-02,4181000,강원특별자치도 춘천시
서부대성로239번길 보행자우선도로,강원특별자치도,춘천시,37.522411,127.444111,37.522201,127.444001,2023-03-16,90,6,보행환경개선,N,30,Y,없음,N,다중이용시설,,,스템프포장+과속방지턱,보행자안내표지판,,벤치,벤치,강원특별자치도 춘천시청,033-250-4271,2025-11-02,4181000,강원특별자치도 춘천시
서부대성로227번길 보행자우선도로,강원특별자치도,춘천시,37.522511,127.443611,37.522401,127.443601,2023-03-16,50,6,보행환경개선,N,30,Y,없음,N,다중이용시설,,,스템프포장+과속방지턱,보행자안내표지판,,벤치,벤치,강원특별자치도 춘천시청,033-250-4271,2025-11-02,4181000,강원특별자치도 춘천시
백령로138번길 보행자우선도로,강원특별자치도,춘천시,37.522711,127.443411,37.522201,127.444701,2023-03-16,370,6,보행환경개선,N,30,Y,없음,N,다중이용시설,,,스템프포장+과속방지턱,보행자안내표지판,,벤치,벤치,강원특별자치도 춘천시청,033-250-4271,2025-11-02,4181000,강원특별자치도 춘천시
성모유치원 보행자우선도로,경상남도,합천군,35.566173,128.161061,35.565506,128.162877,2022-12-08,165,8,주거지역 환경 보전 및 안전 확보,Y,30,N,없음,N,학교,,,과속방지턱+단속카메라,보행자안내표지판,CCTV+방호울타리,,,경상남도 합천군청,055-930-3473,2025-11-28,5480000,경상남도 합천군
효원로265번길~인계로138번길,경기도,수원시,37.263034,127.031131,37.266958,127.032713,2024-08-29,460,10,보행자 교통사고 예방,N,20,N,없음,Y,상업시설,0,0,노면요철포장(스탬프)+과속방지턱,보행자우선도로표지판,태양광도로표지병,,,경기도 수원시청,031-228-3435,2025-08-18,3740000,경기도 수원시
영통로252번길,경기도,수원시,37.265604,127.077172,37.263998,127.077334,2023-11-22,170,8,보행자 교통사고 예방,N,20,N,없음,Y,학교,0,0,노면요철포장(스탬프)+과속방지턱,보행자우선도로표지판,태양광도로표지병,,,경기도 수원시청,031-228-3435,2025-08-18,3740000,경기도 수원시
부산광역시 수영구 수영로725번길,부산광역시,수영구,35.17345662,129.1153946,35.16876154,129.1186311,2022-07-12,360,7,안전한 보행환경 조성,Y,20,N,없음,N,전통시장+어린이보호구역,,1,보행친화적 포장,보행자우선도로표지판,,,,부산광역시 수영구청 교통행정과,051-610-4554,2025-08-13,3380000,부산광역시 수영구
광진 동일로50길,서울특별시,광진구,37.552943,127.072216,37.554653,127.071142,2021-12-31,250,6,통학로 보행안전,Y,30,N,없음,N,학교,,,디자인 도막포장,,,,,서울특별시 광진구,02-450-7917,2025-06-24,3040000,서울특별시 광진구
광진 동일로52길,서울특별시,광진구,37.554202,127.072924,37.554763,127.071435,2021-12-31,200,6,통학로 보행안전,N,30,N,없음,N,학교,,,디자인 도막포장,,,,,서울특별시 광진구,02-450-7917,2025-06-24,3040000,서울특별시 광진구
강남구 삼성로85길,서울특별시,강남구,37.504224,127.053698,37.504891,127.055754,2019-10-15,190,7,보행자 중심의 쾌적한 도로환경 조성,N,30,N,없음,N,문화관광시설+편의시설,,,,,,,,서울특별시 강남구청,02-3423-6407,2025-11-24,3220000,서울특별시 강남구
강남구 선릉로86길,서울특별시,강남구,37.502952,127.049821,37.504224,127.053698,2019-10-15,360,7,보행자 중심의 쾌적한 도로환경 조성,N,30,N,없음,N,문화관광시설+편의시설,,,,,,,,서울특별시 강남구청,02-3423-6407,2025-11-24,3220000,서울특별시 강남구
강남구 학동로2길,서울특별시,강남구,37.507631,127.023893,37.511259,127.022177,2018-11-30,432,6.7,보행자 중심의 쾌적한 도로환경 조성,N,30,Y,없음,N,문화관광시설+편의시설,,,,,,,,서울특별시 강남구청,02-3423-6407,2025-11-24,3220000,서울특별시 강남구
강남구 봉은사로1길,서울특별시,강남구,37.504759,127.025273,37.507631,127.023893,2018-11-30,370,6.7,보행자 중심의 쾌적한 도로환경 조성,N,30,Y,없음,N,문화관광시설+편의시설,,,,,,,,서울특별시 강남구청,02-3423-6407,2025-11-24,3220000,서울특별시 강남구
강남구 테헤란로1길,서울특별시,강남구,37.501662,127.026711,37.498507,127.028208,2018-06-30,365,6.5,보행자 중심의 쾌적한 도로환경 조성,N,30,Y,없음,N,문화관광시설+편의시설,,,,,,,,서울특별시 강남구청,02-3423-6407,2025-11-24,3220000,서울특별시 강남구
강남구 봉은사로2길,서울특별시,강남구,37.504826,127.025369,37.501752,127.026313,2017-03-03,345,6.5,보행자 중심의 쾌적한 도로환경 조성,N,30,Y,없음,N,문화관광시설+편의시설,,,,,,,,서울특별시 강남구청,02-3423-6407,2025-11-24,3220000,서울특별시 강남구
시흥대로160길,서울특별시,관악구,37.4804158994,126.9021795093,37.4820412686,126.901252313,2025-07-17,230,8,보행자 안전사고 예방 및 이용편의 증진,N,0,N,없음,N,상가밀집,,,,안내표지,,,,서울특별시 관악구청,02-879-6863,2025-11-13,3200000,서울특별시 관악구
남부순환로185길,서울특별시,관악구,37.48483358,126.932330,37.48612853,126.9320557,2023-03-01,160,6,보행자 안전사고 예방 및 이용편의 증진,N,0,N,없음,N,상가밀집,,,,안내표지,,,,서울특별시 관악구청,02-879-6863,2025-11-13,3200000,서울특별시 관악구
남부순환로181길,서울특별시,관악구,37.48469295,126.9309691,37.48656528,126.9304038,2023-03-01,230,6,보행자 안전사고 예방 및 이용편의 증진,N,0,N,없음,N,상가밀집,,,,안내표지,,,,서울특별시 관악구청,02-879-6863,2025-11-13,3200000,서울특별시 관악구
신림로68길,서울특별시,관악구,37.48649372,126.9294576,37.48630476,126.9321976,2023-03-01,250,6,보행자 안전사고 예방 및 이용편의 증진,N,0,N,없음,N,상가밀집,,,,안내표지,,,,서울특별시 관악구청,02-879-6863,2025-11-13,3200000,서울특별시 관악구
신림로66길,서울특별시,관악구,37.48550722,126.9299488,37.485828,126.932136,2023-03-01,230,6,보행자 안전사고 예방 및 이용편의 증진,N,0,Y,없음,N,상가밀집,,,,안내표지,,,,서울특별시 관악구청,02-879-6863,2025-11-13,3200000,서울특별시 관악구
신림로64길,서울특별시,관악구,37.48515017,126.9299772,37.4853919,126.9322714,2023-03-01,230,6,보행자 안전사고 예방 및 이용편의 증진,N,0,Y,없음,N,상가밀집,,,,안내표지,,,,서울특별시 관악구청,02-879-6863,2025-11-13,3200000,서울특별시 관악구
신림로65길,서울특별시,관악구,37.484754,126.926828,37.485247,126.929571,2020-05-01,240,8,보행자 안전사고 예방 및 이용편의 증진,N,0,N,없음,N,상가밀집,,,,안내표지,,,,서울특별시 관악구청,02-879-6863,2025-11-13,3200000,서울특별시 관악구
남부순환로234길,서울특별시,관악구,37.478258,126.956882,37.478719,126.957153,2018-10-01,60,6,보행자 안전사고 예방 및 이용편의 증진,N,0,N,없음,N,상가밀집,,,,안내표지,,,,서울특별시 관악구청,02-879-6863,2025-11-13,3200000,서울특별시 관악구
봉천로,서울특별시,관악구,37.479576,126.955715,37.479389,126.955475,2018-10-01,40,6,보행자 안전사고 예방 및 이용편의 증진,N,0,Y,없음,N,상가밀집,,,,안내표지,,,,서울특별시 관악구청,02-879-6863,2025-11-13,3200000,서울특별시 관악구
서대문 신촌역로,서울특별시,서대문구,37.558421,126.942663,37.558092,126.942146,,85,6,보행환경개선,N,60,N,N,N,신촌역,,,,,,,,서울특별시 서대문구,02-330-1797,2025-08-14,3120000,서울특별시 서대문구
광진 동일로22길,서울특별시,광진구,37.541923,127.066663,37.542705,127.064369,2024-09-06,230,8,상가밀집지역 보행안전,N,30,N,없음,Y,지하철역+먹자골목,,,디자인 도막포장,,,,,서울특별시 광진구,02-450-7917,2025-06-24,3040000,서울특별시 광진구
광진 아차산로30길,서울특별시,광진구,37.540746,127.067927,37.538869,127.066908,2024-09-06,220,8,상가밀집지역 보행안전,N,30,N,없음,N,지하철역+먹자골목,,,디자인 도막포장,,,,,서울특별시 광진구,02-450-7917,2025-06-24,3040000,서울특별시 광진구
광진 광나루로50길,서울특별시,광진구,37.542609,127.094212,37.541846,127.092979,2023-06-29,130,6,통학로 보행안전,N,30,N,없음,Y,학교,,,디자인 도막포장,,,,,서울특별시 광진구,02-450-7917,2025-06-24,3040000,서울특별시 광진구
광진 천호대로129길,서울특별시,광진구,37.552407,127.089661,37.554840,127.093207,2024-09-06,420,6,상가밀집지역 보행안전,N,30,N,없음,N,상가,,,디자인 도막포장,,,,,서울특별시 광진구,02-450-7917,2025-06-24,3040000,서울특별시 광진구
광진 뚝섬로32길,서울특별시,광진구,37.533590,127.066525,37.535529,127.067465,2022-12-15,220,6,상가밀집지역 보행안전,N,30,N,없음,N,상가,,,디자인 도막포장,,,,,서울특별시 광진구,02-450-7917,2025-06-24,3040000,서울특별시 광진구
광진 광나루로19길,서울특별시,광진구,37.547958,127.072882,37.549431,127.072971,2021-12-31,170,6,통학로 보행안전,N,30,N,없음,Y,학교,,,디자인 도막포장,,,,,서울특별시 광진구,02-450-7917,2025-06-24,3040000,서울특별시 광진구
여안로,충청북도,진천군,36.897315,127.523908,36.910049,127.535581,,2200,10,보행환경개선,Y,30,N,없음,N,학교,,,,,,,,충청북도 진천군 지역개발과,043-539-3714,2025-06-23,4450000,충청북도 진천군
여안1길,충청북도,진천군,36.91075284,127.5324411,36.9106802,127.532564,,600,6,보행환경개선,N,60,N,없음,N,없음,,,,,,,,충청북도 진천군 지역개발과,043-539-3714,2025-06-23,4450000,충청북도 진천군
여안2길,충청북도,진천군,36.910608,127.532531,36.910145,127.534639,,200,6,보행환경개선,N,60,N,없음,N,편의시설,,,,,,,,충청북도 진천군 지역개발과,043-539-3714,2025-06-23,4450000,충청북도 진천군
연미로,충청북도,진천군,36.89995748,127.5284841,36.89699986,127.5309656,,1800,18,보행환경개선,Y,30,N,없음,N,학교,,,,,,,,충청북도 진천군 지역개발과,043-539-3714,2025-06-23,4450000,충청북도 진천군
교연로,충청북도,진천군,36.84522252,127.4977936,36.84520906,127.4977823,,900,15,보행환경개선,N,80,N,없음,N,편의시설,,,,,,,,충청북도 진천군 지역개발과,043-539-3714,2025-06-23,4450000,충청북도 진천군
거안로,충청북도,진천군,36.90853228,127.5272528,36.9071317,127.5281296,,500,10,보행환경개선,Y,30,N,없음,N,학교,,,,,,,,충청북도 진천군 지역개발과,043-539-3714,2025-06-23,4450000,충청북도 진천군
거안1길,충청북도,진천군,36.907079,127.528108,36.907331,127.527352,,400,6,보행환경개선,N,60,N,없음,N,없음,,,,,,,,충청북도 진천군 지역개발과,043-539-3714,2025-06-23,4450000,충청북도 진천군
갈현로33길,서울특별시,은평구,37.620220,126.916060,37.621520,126.913550,,270,8,보행자의 안전과 편의 우선,N,30,N,없음,N,없음,1,,,,,,,서울특별시 은평구청,02-351-7882,2025-07-10,3110000,서울특별시 은평구
갈현로29길,서울특별시,은평구,37.61911641,126.9152274,37.61979101,126.9141188,,120,7,보행자의 안전과 편의 우선,Y,30,N,없음,N,없음,3,,,,,,,서울특별시 은평구청,02-351-7882,2025-07-10,3110000,서울특별시 은평구
서오릉로20길,서울특별시,은평구,37.615615,126.908867,37.617207,126.909500,,190,6,보행자의 안전과 편의 우선,N,30,N,없음,N,학교,0,,,,,,,서울특별시 은평구청,02-351-7882,2025-07-10,3110000,서울특별시 은평구
연서로35길,서울특별시,은평구,37.62164882,126.9261334,37.62254159,126.9252256,,150,7,보행자의 안전과 편의 우선,N,30,N,없음,N,학교,0,,,,,,,서울특별시 은평구청,02-351-7882,2025-07-10,3110000,서울특별시 은평구
연서로29길,서울특별시,은평구,37.617826,126.919052,37.6919713,126.919466,,235,6,보행자의 안전과 편의 우선,N,30,N,없음,N,없음,2,,,,,,,서울특별시 은평구청,02-351-7882,2025-07-10,3110000,서울특별시 은평구
연서로27길,서울특별시,은평구,37.617806,126.918837,37.619409,126.919652,,200,8,보행자의 안전과 편의 우선,N,30,N,없음,N,없음,8,,,,,,,서울특별시 은평구청,02-351-7882,2025-07-10,3110000,서울특별시 은평구
은평로21길,서울특별시,은평구,37.60117585,126.9339244,37.602811,126.930492,,370,6,보행자의 안전과 편의 우선,Y,30,Y,없음,N,관공서,1,,,,,,,서울특별시 은평구청,02-351-7882,2025-07-10,3110000,서울특별시 은평구
연서로21길,서울특별시,은평구,37.61461015,126.9170711,37.615089,126.905319,,180,8,보행자의 안전과 편의 우선,N,30,N,없음,N,공원,4,,,,,,,서울특별시 은평구청,02-351-7882,2025-07-10,3110000,서울특별시 은평구
순강길,인천광역시,계양구,37.558712,126.752666,37.563723,126.756959,,700,8,주거지역 환경보전 및 안전확보,N,60,Y,없음,N,근린공원,,,,,,,,인천광역시 계양구청,032-450-5544,2025-05-13,3550000,인천광역시 계양구
순평길,인천광역시,계양구,37.558684,126.753133,37.563647,126.757419,,700,8,주거지역 환경보전 및 안전확보,N,60,Y,없음,N,근린공원,,,,,,,,인천광역시 계양구청,032-450-5544,2025-05-13,3550000,인천광역시 계양구
장기로 22번길,인천광역시,계양구,37.578267,126.735039,37.579294,126.737605,,245,12,주거지역 환경보전 및 안전확보,N,30,N,없음,Y,황어장터,,,,,,,,인천광역시 계양구청,032-450-5544,2025-05-13,3550000,인천광역시 계양구
보행자우선도로(중앙초등학교),경상북도,성주군,35.917483,128.286392,35.917807,128.287877,2023-12-22,230,6,보행자 안전 확포,N,30,N,N,Y,상가밀집지역+초등학교,,,고원식 교차로+과속방지턱,안내표지판,볼라드,,,경상북도 성주군청,054-930-6393,2025-06-20,5210000,경상북도 성주군
보행자우선도로(성주읍행정복지센터),경상북도,성주군,35.920156,128.283024,35.918557,128.292006,2023-12-22,920,6,보행자 안전 확포,N,30,N,N,Y,상가밀집지역+행정복지센터+초등학교,,,고원식 교차로+과속방지턱,안내표지판,,,,경상북도 성주군청,054-930-6393,2025-06-20,5210000,경상북도 성주군
원봉로,충청북도,진천군,36.090707,127.525101,36.85466626,127.435157,,1500,15,보행환경개선,Y,30,N,없음,N,학교,,,,,,,,충청북도 진천군 지역개발과,043-539-3714,2025-06-23,4450000,충청북도 진천군
자안로,충청북도,진천군,36.904769,127.534132,36.903825,127.535634,,200,10,보행환경개선,N,60,N,없음,N,편의시설,,,,,,,,충청북도 진천군 지역개발과,043-539-3714,2025-06-23,4450000,충청북도 진천군
대하로,충청북도,진천군,36.89824957,127.525516,36.89541101,127.5265624,,1300,12,보행환경개선,N,60,N,없음,N,아파트+편의시설,,,,,,,,충청북도 진천군 지역개발과,043-539-3714,2025-06-23,4450000,충청북도 진천군
시가로,충청북도,진천군,36.90284896,127.5337494,36.90549475,127.5365057,,700,10,보행환경개선,N,60,N,없음,N,편의시설,,,,,,,,충청북도 진천군 지역개발과,043-539-3714,2025-06-23,4450000,충청북도 진천군
공원로,충청북도,진천군,36.90325695,127.5331913,36.90514528,127.5370698,,800,10,보행환경개선,N,60,N,없음,N,편의시설,,,,,,,,충청북도 진천군 지역개발과,043-539-3714,2025-06-23,4450000,충청북도 진천군
선옥1길,충청북도,진천군,36.896122,127.531532,36.896175,127.531724,,500,6,보행환경개선,N,60,N,없음,N,편의시설,,,,,,,,충청북도 진천군 지역개발과,043-539-3714,2025-06-23,4450000,충청북도 진천군
대월1길,충청북도,진천군,36.899941,127.535041,36.899677,127.535224,,500,6,보행환경개선,N,60,N,없음,N,없음,,,,,,,,충청북도 진천군 지역개발과,043-539-3714,2025-06-23,4450000,충청북도 진천군
대월2길,충청북도,진천군,36.90125088,127.5374465,36.90184452,127.5386792,,600,6,보행환경개선,N,60,N,없음,N,편의시설,,,,,,,,충청북도 진천군 지역개발과,043-539-3714,2025-06-23,4450000,충청북도 진천군
예지2길,충청북도,진천군,36.90435364,127.5312662,36.90315971,127.5302537,,200,6,보행환경개선,Y,30,N,없음,N,학교,,,,,,,,충청북도 진천군 지역개발과,043-539-3714,2025-06-23,4450000,충청북도 진천군
예지1길,충청북도,진천군,36.90387603,127.5312741,36.90231174,127.5314764,,100,6,보행환경개선,N,60,N,없음,N,아파트+편의시설,,,,,,,,충청북도 진천군 지역개발과,043-539-3714,2025-06-23,4450000,충청북도 진천군
예지로,충청북도,진천군,36.903944,127.528761,36.901539,127.532806,,500,10,보행환경개선,Y,30,N,없음,N,학교,,,,,,,,충청북도 진천군 지역개발과,043-539-3714,2025-06-23,4450000,충청북도 진천군
연미2길,충청북도,진천군,36.90695716,127.5308999,36.90767002,127.532689,,300,6,보행환경개선,N,60,N,없음,N,없음,,,,,,,,충청북도 진천군 지역개발과,043-539-3714,2025-06-23,4450000,충청북도 진천군
거안4길,충청북도,진천군,36.90707559,127.5285893,36.90865621,127.5297784,,200,6,보행환경개선,Y,30,N,없음,N,학교,,,,,,,,충청북도 진천군 지역개발과,043-539-3714,2025-06-23,4450000,충청북도 진천군
거안5길,충청북도,진천군,36.907416,127.528354,36.908735,127.529421,,300,6,보행환경개선,N,60,N,없음,N,공원,,,,,,,,충청북도 진천군 지역개발과,043-539-3714,2025-06-23,4450000,충청북도 진천군
거안2길,충청북도,진천군,36.90862423,127.5268383,36.90776289,127.526002,,400,6,보행환경개선,N,60,N,없음,N,없음,,,,,,,,충청북도 진천군 지역개발과,043-539-3714,2025-06-23,4450000,충청북도 진천군
거안3길,충청북도,진천군,36.908996,127.529605,36.908701,127.527146,,400,6,보행환경개선,Y,30,N,없음,N,학교,,,,,,,,충청북도 진천군 지역개발과,043-539-3714,2025-06-23,4450000,충청북도 진천군
서대문 연세로4길,서울특별시,서대문구,37.556989,126.937514,37.558555,126.939676,,260,6,보행환경개선,N,60,N,N,N,신촌 연세로 차없는거리,,,,,,,,서울특별시 서대문구,02-330-1797,2025-08-14,3120000,서울특별시 서대문구
서대문 연세로5가길,서울특별시,서대문구,37.557321,126.936222,37.557317,126.934843,,125,6,보행환경개선,N,60,N,N,N,신촌 연세로 차없는거리,,,,,,,,서울특별시 서대문구,02-330-1797,2025-08-14,3120000,서울특별시 서대문구
서대문 연세로7안길,서울특별시,서대문구,37.558091,126.936241,37.558125,126.935002,,110,6,보행환경개선,N,60,N,N,N,신촌 연세로 차없는거리,,,,,,,,서울특별시 서대문구,02-330-1797,2025-08-14,3120000,서울특별시 서대문구
서대문 연세로9길,서울특별시,서대문구,37.558521,126.936241,37.558527,126.935036,,110,6,보행환경개선,N,60,N,N,N,신촌 연세로 차없는거리,,,,,,,,서울특별시 서대문구,02-330-1797,2025-08-14,3120000,서울특별시 서대문구
서대문 명지대2길,서울특별시,서대문구,37.582791,126.925482,37.581285,126.924926,,175,8,보행환경개선,N,60,N,N,N,연유치원,,,,,,,,서울특별시 서대문구,02-330-1797,2025-08-14,3120000,서울특별시 서대문구
(신월3동) 가로공원로61길(양원초교 어린이보호구역),서울특별시,양천구,37.535775,126.826932,37.536614,126.826680,2023-07-06,95,6,주거지역,Y,20,N,없음,N,초등학교+고등학교,,,과속방지턱(2개소),노면표시(7개)+안전표지(10개),,,,서울특별시 양천구청,02-2620-3708,2025-08-14,3140000,서울특별시 양천구
(신월3동) 남부순환로30길(양원초교 어린이보호구역),서울특별시,양천구,37.538725,126.824211,37.538754,126.825446,2023-07-06,110,6,주거지역,Y,20,N,없음,N,초등학교+유치원,,,과속방지턱(4개소),노면표시(7개)+안전표지(12개),,,,서울특별시 양천구청,02-2620-3708,2025-08-14,3140000,서울특별시 양천구
(신정3동) 신정로11길(지향초교 어린이보호구역),서울특별시,양천구,37.511284,126.838344,37.512311,126.837836,2022-12-15,110,8,주거지역,Y,30,N,없음,N,초등학교+학원,,,이미지 과속방지턱(2개소),노면표시(10개)+안전표지(10개),,,,서울특별시 양천구청,02-2620-3708,2025-08-14,3140000,서울특별시 양천구
(목2동) 목동중앙로13길(다솜어린이집 어린이보호구역),서울특별시,양천구,37.544297,126.882491,37.545537,126.881551,2022-12-15,150,6,주거지역,Y,30,N,없음,N,지하철역+어린이집,,,과속방지턱(4개소),노면표시(14개)+안전표지(13개),,,,서울특별시 양천구청,02-2620-3708,2025-08-14,3140000,서울특별시 양천구
광진 자양로50길,서울특별시,광진구,37.551885,127.092367,37.552558,127.095343,2016-11-30,270,8,통학로 보행안전,Y,30,N,없음,N,학교,,,디자인 도막포장,,,,,서울특별시 광진구,02-450-7917,2025-06-24,3040000,서울특별시 광진구
광진 능동로10길,서울특별시,광진구,37.536024,127.073625,37.535362,127.075522,2015-10-22,180,5,통학로 보행안전,Y,30,N,없음,N,학교,,,디자인 도막포장,,,,,서울특별시 광진구,02-450-7917,2025-06-24,3040000,서울특별시 광진구
거마로7길,서울특별시,송파구,37.495250,127.145050,37.496040,127.143990,2022-12-15,220,6,통학로 보행안전,Y,30,N,없음,N,학교,,,디자인 도막포장,,,,,서울특별시 송파구,02-2147-3135,2024-06-30,3230000,서울특별시 송파구
송파대로38길(2구간),서울특별시,송파구,37.500630,127.112210,37.500180,127.112480,2023-12-31,90,5,보행환경개선,N,20,N,없음,Y,없음,,,디자인 도막포장,,,,,서울특별시 송파구,02-2147-3135,2024-06-30,3230000,서울특별시 송파구
송파대로38길(1구간),서울특별시,송파구,37.502540,127.112090,37.500920,127.112250,2023-12-31,200,5,보행환경개선,N,20,N,없음,N,없음,,,디자인 도막포장,,,,,서울특별시 송파구,02-2147-3135,2024-06-30,3230000,서울특별시 송파구
위례성대로12길,서울특별시,송파구,37.513170,127.122870,37.512670,127.123640,2022-12-15,180,5,통학로 보행안전,N,20,N,없음,N,비둘기어린이공원,,,디자인 도막포장,,,,,서울특별시 송파구,02-2147-3135,2024-06-30,3230000,서울특별시 송파구
오금로68길,서울특별시,송파구,37.491990,127.150230,37.490230,127.148470,2022-12-15,280,5,보행환경개선,N,30,N,없음,N,"위례호수공원,건강공원",,,디자인 도막포장,,,,,서울특별시 송파구,02-2147-3135,2024-06-30,3230000,서울특별시 송파구
성내천로29길,서울특별시,송파구,37.501050,127.152290,37.502360,127.153740,2022-12-15,200,6,통학로 보행안전,N,30,N,없음,N,학교,,,디자인 도막포장,,,,,서울특별시 송파구,02-2147-3135,2024-06-30,3230000,서울특별시 송파구
마천로61바길,서울특별시,송파구,37.495332,127.153431,37.494073,127.154685,2022-12-15,180,6,통학로 보행안전,Y,30,N,없음,Y,학교,,,디자인 도막포장,,,,,서울특별시 송파구,02-2147-3135,2024-06-30,3230000,서울특별시 송파구
백제고분로7길,서울특별시,송파구,37.510741,127.085741,37.510545,127.080233,2022-12-15,470,8,보행환경개선,N,30,N,없음,N,먹자골목,,,디자인 도막포장,,,,,서울특별시 송파구,02-2147-3135,2024-06-30,3230000,서울특별시 송파구